"","location_id","city","state","country"
"1",1,"East Haven",NA,"United States"
"2",2,"El Cerrito",NA,"United States"
"3",3,"Middletown",NA,"United States"
"4",4,"Lebanon",NA,"United States"
"5",5,"McKinney",NA,"United States"
"6",6,"East Chicago",NA,"United States"
"7",7,"Beverly",NA,"United States"
"8",8,"Nanticoke",NA,"United States"
"9",9,"Avondale",NA,"United States"
"10",10,"Redwood City",NA,"United States"
"11",11,"Stockbridge",NA,"United States"
"12",12,"West Covina",NA,"United States"
"13",13,"Crookston",NA,"United States"
"14",14,"Irvine",NA,"United States"
"15",15,"Duluth",NA,"United States"
"16",16,"Telford",NA,"United Kingdom"
"17",17,"Stratford",NA,"Canada"
"18",18,"Austin",NA,"United States"
"19",19,"Zion",NA,"United States"
"20",20,"Lake Forest",NA,"United States"
"21",21,"Magnolia",NA,"United States"
"22",22,"Aurora",NA,"United States"
"23",23,"San Leandro",NA,"United States"
"24",24,"Slough",NA,"United Kingdom"
"25",25,"Ferguson",NA,"United States"
"26",26,"New York",NA,"United States"
"27",27,"Livingston",NA,"United States"
"28",28,"Mount Vernon",NA,"United States"
"29",29,"Waterford",NA,"United States"
"30",30,"Camden",NA,"United States"
"31",31,"Arlington",NA,"United States"
"32",32,"Derby",NA,"United Kingdom"
"33",33,"Port Hueneme",NA,"United States"
"34",34,"Hugo",NA,"United States"
"35",35,"Clinton",NA,"United States"
"36",36,"Maryland",NA,"United States"
"37",37,"Sheffield",NA,"United States"
"38",38,"Luton",NA,"United Kingdom"
"39",39,"Livermore",NA,"United States"
"40",40,"Fitzgerald",NA,"United States"
"41",41,"West Springfield",NA,"United States"
"42",42,"Manassas",NA,"United States"
"43",43,"Winston-Salem",NA,"United States"
"44",44,"Garland",NA,"United States"
"45",45,"Lowell",NA,"United States"
"46",46,"Mansfield",NA,"United Kingdom"
"47",47,"Kent",NA,"United States"
"48",48,"San Antonio",NA,"United States"
"49",49,"Stillwater",NA,"United States"
"50",50,"Ridgewood",NA,"United States"
"51",51,"Macon",NA,"United States"
"52",52,"Guilford",NA,"United States"
"53",53,"Baytown",NA,"United States"
"54",54,"California",NA,"United States"
"55",55,"Minnesota",NA,"United States"
"56",56,"Union City",NA,"United States"
"57",57,"Alexandria",NA,"United States"
"58",58,"Marion",NA,"United States"
"59",59,"Columbus",NA,"United States"
"60",60,"Santa Clara",NA,"United States"
"61",61,"Harpers Ferry",NA,"United States"
"62",62,"Louisville",NA,"United States"
"63",63,"Chicago Heights",NA,"United States"
"64",64,"Texas",NA,"United States"
"65",65,"Crawley",NA,"United Kingdom"
"66",66,"Nova Scotia",NA,"Canada"
"67",67,"New Kensington",NA,"United States"
"68",68,"Springfield",NA,"United States"
"69",69,"New Britain",NA,"United States"
"70",70,"Bowling Green",NA,"United States"
"71",71,"Harrisburg",NA,"United States"
"72",72,"Odessa",NA,"United States"
"73",73,"Kennewick",NA,"United States"
"74",74,"Waynesboro",NA,"United States"
"75",75,"Hayward",NA,"United States"
"76",76,"Arizona",NA,"United States"
"77",77,"Cincinnati",NA,"United States"
"78",78,"Hamilton",NA,"United States"
"79",79,"Concord",NA,"United States"
"80",80,"New Windsor",NA,"United States"
"81",81,"Waco",NA,"United States"
"82",82,"North Carolina",NA,"United States"
"83",83,"Ephrata",NA,"United States"
"84",84,"Derry",NA,"United States"
"85",85,"Vallejo",NA,"United States"
"86",86,"Peoria",NA,"United States"
"87",87,"Shelton",NA,"United States"
"88",88,"Plains",NA,"United States"
"89",89,"Belfast",NA,"United Kingdom"
"90",90,"Saint Charles",NA,"United States"
"91",91,"Ipswich",NA,"United States"
"92",92,"Melbourne",NA,"United States"
"93",93,"Collinsville",NA,"United States"
"94",94,"Niles",NA,"United States"
"95",95,"Brampton",NA,"Canada"
"96",96,"Virginia",NA,"United States"
"97",97,"Roseville",NA,"United States"
"98",98,"Reading",NA,"United Kingdom"
"99",99,"Nebraska",NA,"United States"
"100",100,"Fort Lauderdale",NA,"United States"
"101",101,"White Plains",NA,"United States"
"102",102,"Silver Spring",NA,"United States"
"103",103,"East Aurora",NA,"United States"
"104",104,"San Jose",NA,"United States"
"105",105,"Colorado",NA,"United States"
"106",106,"Atlanta",NA,"United States"
"107",107,"Charles Town",NA,"United States"
"108",108,"New Albany",NA,"United States"
"109",109,"Etobicoke",NA,"Canada"
"110",110,"New Milford",NA,"United States"
"111",111,"Calgary",NA,"Canada"
"112",112,"San Rafael",NA,"United States"
"113",113,"Smyrna",NA,"United States"
"114",114,"Flushing",NA,"United States"
"115",115,"Winslow",NA,"United States"
"116",116,"Georgia",NA,"United States"
"117",117,"Malibu",NA,"United States"
"118",118,"Great Barrington",NA,"United States"
"119",119,"Summit",NA,"United States"
"120",120,"Greater London",NA,"United Kingdom"
"121",121,"Berkeley",NA,"United States"
"122",122,"Wyandotte",NA,"United States"
"123",123,"Laval",NA,"Canada"
"124",124,"Novato",NA,"United States"
"125",125,"Pasadena",NA,"United States"
"126",126,"Lawton",NA,"United States"
"127",127,"Victoria",NA,"Australia"
"128",128,"Clarksburg",NA,"United States"
"129",129,"Eastchester",NA,"United States"
"130",130,"Norfolk",NA,"United States"
"131",131,"Alabama",NA,"United States"
"132",132,"Kansas",NA,"United States"
"133",133,"Montrose",NA,"United States"
"134",134,"Smith Center",NA,"United States"
"135",135,"Rutland",NA,"United States"
"136",136,"Montpelier",NA,"United States"
"137",137,"Dallas",NA,"United States"
"138",138,"Bound Brook",NA,"United States"
"139",139,"El Reno",NA,"United States"
"140",140,"Kansas City",NA,"United States"
"141",141,"Michigan",NA,"United States"
"142",142,"Oregon",NA,"United States"
"143",143,"Norwood",NA,"United States"
"144",144,"Los Alamos",NA,"United States"
"145",145,"Cardiff",NA,"United Kingdom"
"146",146,"South Carolina",NA,"United States"
"147",147,"Corinth",NA,"United States"
"148",148,"Wallingford",NA,"United States"
"149",149,"River Forest",NA,"United States"
"150",150,"Brownsville",NA,"United States"
"151",151,"Leavenworth",NA,"United States"
"152",152,"Longmont",NA,"United States"
"153",153,"Seattle",NA,"United States"
"154",154,"Kettering",NA,"United States"
"155",155,"Corona",NA,"United States"
"156",156,"Shelbyville",NA,"United States"
"157",157,"Trenton",NA,"United States"
"158",158,"Tarpon Springs",NA,"United States"
"159",159,"North Adams",NA,"United States"
"160",160,"South Saint Paul",NA,"United States"
"161",161,"Tacoma",NA,"United States"
"162",162,"Queensland",NA,"Australia"
"163",163,"Fremont",NA,"United States"
"164",164,"East Saint Louis",NA,"United States"
"165",165,"Boston",NA,"United States"
"166",166,"Raleigh",NA,"United States"
"167",167,"Greater Glasgow",NA,"United Kingdom"
"168",168,"Des Moines",NA,"United States"
"169",169,"Denver",NA,"United States"
"170",170,"Fort Lee",NA,"United States"
"171",171,"Elizabethton",NA,"United States"
"172",172,"Boulder",NA,"United States"
"173",173,"Montclair",NA,"United States"
"174",174,"Redcliffe",NA,"Australia"
"175",175,"Palatine",NA,"United States"
"176",176,"San Francisco",NA,"United States"
"177",177,"Saint Joseph",NA,"United States"
"178",178,"Cambridge",NA,"Canada"
"179",179,"Sarnia-Clearwater",NA,"Canada"
"180",180,"Fairfield",NA,"United States"
"181",181,"Norristown",NA,"United States"
"182",182,"Hershey",NA,"United States"
"183",183,"Point Roberts",NA,"United States"
"184",184,"Saint Paul",NA,"United States"
"185",185,"North Chicago",NA,"United States"
"186",186,"North York",NA,"Canada"
"187",187,"West Midlands",NA,"United Kingdom"
"188",188,"Taunton",NA,"United States"
"189",189,"Cohasset",NA,"United States"
"190",190,"Temple",NA,"United States"
"191",191,"Dunkirk",NA,"United States"
"192",192,"La Habra",NA,"United States"
"193",193,"Cocoa Beach",NA,"United States"
"194",194,"Covington",NA,"United States"
"195",195,"New Westminster",NA,"Canada"
"196",196,"Salisbury",NA,"United States"
"197",197,"Ohio",NA,"United States"
"198",198,"Tamworth",NA,"Australia"
"199",199,"Lafayette",NA,"United States"
"200",200,"Staunton",NA,"United States"
"201",201,"Lenox",NA,"United States"
"202",202,"Richmond",NA,"United States"
"203",203,"West Seneca",NA,"United States"
"204",204,"Oxford",NA,"United Kingdom"
"205",205,"Houston",NA,"United States"
"206",206,"Ocean City",NA,"United States"
"207",207,"Bellevue",NA,"United States"
"208",208,"Titusville",NA,"United States"
"209",209,"Coral Gables",NA,"United States"
"210",210,"Mississauga",NA,"Canada"
"211",211,"Delaware",NA,"United States"
"212",212,"Tarrytown",NA,"United States"
"213",213,"Enterprise",NA,"United States"
"214",214,"Missouri",NA,"United States"
"215",215,"Fairbanks",NA,"United States"
"216",216,"Jacksonville",NA,"United States"
"217",217,"Idaho",NA,"United States"
"218",218,"Esquimalt",NA,"Canada"
"219",219,"New Mexico",NA,"United States"
"220",220,"Centralia",NA,"United States"
"221",221,"Washington",NA,"United States"
"222",222,"Oklahoma",NA,"United States"
"223",223,"Louisiana",NA,"United States"
"224",224,"Bethlehem",NA,"United States"
"225",225,"Ottawa",NA,"Canada"
"226",226,"Palm Springs",NA,"United States"
"227",227,"Montana",NA,"United States"
"228",228,"Sudbury",NA,"Canada"
"229",229,"Orono",NA,"United States"
"230",230,"Philadelphia",NA,"United States"
"231",231,"Freeport",NA,"United States"
"232",232,"Syracuse",NA,"United States"
"233",233,"Montgomery",NA,"United States"
"234",234,"Little Falls",NA,"United States"
"235",235,"Fayetteville",NA,"United States"
"236",236,"Pottstown",NA,"United States"
"237",237,"Newton",NA,"United States"
"238",238,"Bethany",NA,"United States"
"239",239,"Brookfield",NA,"United States"
"240",240,"Baltimore",NA,"United States"
"241",241,"Duxbury",NA,"United States"
"242",242,"Calumet City",NA,"United States"
"243",243,"Winter Haven",NA,"United States"
"244",244,"Carlisle",NA,"United States"
"245",245,"Westfield",NA,"United States"
"246",246,"Daly City",NA,"United States"
"247",247,"Midwest City",NA,"United States"
"248",248,"Tupelo",NA,"United States"
"249",249,"Connecticut",NA,"United States"
"250",250,"Costa Mesa",NA,"United States"
"251",251,"Iowa",NA,"United States"
"252",252,"Edmonton",NA,"Canada"
"253",253,"Parramatta",NA,"Australia"
"254",254,"Antioch",NA,"United States"
"255",255,"North Hempstead",NA,"United States"
"256",256,"Milan",NA,"United States"
"257",257,"Belvidere",NA,"United States"
"258",258,"Durham",NA,"United States"
"259",259,"Glens Falls",NA,"United States"
"260",260,"Hannibal",NA,"United States"
"261",261,"Saginaw",NA,"United States"
"262",262,"Arkansas",NA,"United States"
"263",263,"North Dakota",NA,"United States"
"264",264,"Excelsior Springs",NA,"United States"
"265",265,"Virginia Beach",NA,"United States"
"266",266,"Edinburgh",NA,"United Kingdom"
"267",267,"Abington",NA,"United States"
"268",268,"Simi Valley",NA,"United States"
"269",269,"Blackburn",NA,"United Kingdom"
"270",270,"Hopewell",NA,"United States"
"271",271,"Palo Alto",NA,"United States"
"272",272,"Windsor",NA,"Canada"
"273",273,"Bloomington",NA,"United States"
"274",274,"Western Australia",NA,"Australia"
"275",275,"Macomb",NA,"United States"
"276",276,"Dorval",NA,"Canada"
"277",277,"Watertown",NA,"United States"
"278",278,"Martinez",NA,"United States"
"279",279,"Frederick",NA,"United States"
"280",280,"Worcester",NA,"United States"
"281",281,"Culver City",NA,"United States"
"282",282,"Manitoba",NA,"Canada"
"283",283,"Teesside",NA,"United Kingdom"
"284",284,"Gastonia",NA,"United States"
"285",285,"Windsor",NA,"United States"
"286",286,"London",NA,"Canada"
"287",287,"Del Rio",NA,"United States"
"288",288,"Bordentown",NA,"United States"
"289",289,"Indianapolis",NA,"United States"
"290",290,"Batavia",NA,"United States"
"291",291,"Wheaton",NA,"United States"
"292",292,"San Juan Capistrano",NA,"United States"
"293",293,"Hillsborough",NA,"United States"
"294",294,"Elkhart",NA,"United States"
"295",295,"Buena Park",NA,"United States"
"296",296,"Compton",NA,"United States"
"297",297,"British Columbia",NA,"Canada"
"298",298,"Maidstone",NA,"United Kingdom"
"299",299,"Phoenix",NA,"United States"
"300",300,"Brockton",NA,"United States"
"301",301,"Staten Island",NA,"United States"
"302",302,"McMinnville",NA,"United States"
"303",303,"Bowie",NA,"United States"
"304",304,"Hopkinsville",NA,"United States"
"305",305,"Morristown",NA,"United States"
"306",306,"Mansfield",NA,"United States"
"307",307,"Sunbury",NA,"Australia"
"308",308,"Gloucester",NA,"United States"
"309",309,"Holyoke",NA,"United States"
"310",310,"Sandusky",NA,"United States"
"311",311,"Bedford",NA,"United States"
"312",312,"Worcester",NA,"United Kingdom"
"313",313,"Tennessee",NA,"United States"
"314",314,"Truro",NA,"United States"
"315",315,"Medway Towns",NA,"United Kingdom"
"316",316,"Rochester",NA,"United States"
"317",317,"Enfield",NA,"United States"
"318",318,"High Wycombe",NA,"United Kingdom"
"319",319,"Niagara Falls",NA,"Canada"
"320",320,"Union",NA,"United States"
"321",321,"Alameda",NA,"United States"
"322",322,"Ada",NA,"United States"
"323",323,"Williamsport",NA,"United States"
"324",324,"Nahant",NA,"United States"
"325",325,"Laurel",NA,"United States"
"326",326,"Bridgeton",NA,"United States"
"327",327,"Kentucky",NA,"United States"
"328",328,"Ontario",NA,"Canada"
"329",329,"York",NA,"United Kingdom"
"330",330,"South Australia",NA,"Australia"
"331",331,"Herrin",NA,"United States"
"332",332,"Nevada",NA,"United States"
"333",333,"Providence",NA,"United States"
"334",334,"South Hampshire",NA,"United Kingdom"
"335",335,"Haverhill",NA,"United States"
"336",336,"Coeur dAlene",NA,"United States"
"337",337,"Bluefield",NA,"United States"
"338",338,"Brigham City",NA,"United States"
"339",339,"Fort Worth",NA,"United States"
"340",340,"Oil City",NA,"United States"
"341",341,"Bountiful",NA,"United States"
"342",342,"Lock Haven",NA,"United States"
"343",343,"Hawaii",NA,"United States"
"344",344,"East Moline",NA,"United States"
"345",345,"East Point",NA,"United States"
"346",346,"Salinas",NA,"United States"
"347",347,"Cleveland Heights",NA,"United States"
"348",348,"Naperville",NA,"United States"
"349",349,"Aberdeen",NA,"United Kingdom"
"350",350,"New Brunswick",NA,"Canada"
"351",351,"Defiance",NA,"United States"
"352",352,"San Fernando",NA,"United States"
"353",353,"Towson",NA,"United States"
"354",354,"Hastings",NA,"United Kingdom"
"355",355,"Newberg",NA,"United States"
"356",356,"Tombstone",NA,"United States"
"357",357,"Rutherford",NA,"United States"
"358",358,"Attleboro",NA,"United States"
"359",359,"Fitchburg",NA,"United States"
"360",360,"Delray Beach",NA,"United States"
"361",361,"Blairsville",NA,"United States"
"362",362,"Park Forest",NA,"United States"
"363",363,"Saint Marys City",NA,"United States"
"364",364,"Bonavista",NA,"Canada"
"365",365,"Pasco",NA,"United States"
"366",366,"Menlo Park",NA,"United States"
"367",367,"Dedham",NA,"United States"
"368",368,"Swindon",NA,"United Kingdom"
"369",369,"Watts",NA,"United States"
"370",370,"Wethersfield",NA,"United States"
"371",371,"Doncaster",NA,"United Kingdom"
"372",372,"Ithaca",NA,"United States"
"373",373,"Cohoes",NA,"United States"
"374",374,"Northampton",NA,"United Kingdom"
"375",375,"Genoa",NA,"United States"
"376",376,"Pomona",NA,"United States"
"377",377,"Homestead",NA,"United States"
"378",378,"Illinois",NA,"United States"
"379",379,"Lynn",NA,"United States"
"380",380,"Saint Cloud",NA,"United States"
"381",381,"Nashville",NA,"United States"
"382",382,"Lakeview",NA,"United States"
"383",383,"Huntington Beach",NA,"United States"
"384",384,"Denton",NA,"United States"
"385",385,"Marysville",NA,"United States"
"386",386,"Hudson",NA,"United States"
"387",387,"Laconia",NA,"United States"
"388",388,"Davis",NA,"United States"
"389",389,"Thanet",NA,"United Kingdom"
"390",390,"Halifax",NA,"Canada"
"391",391,"Decatur",NA,"United States"
"392",392,"Beacon",NA,"United States"
"393",393,"Alberta",NA,"Canada"
"394",394,"Braintree",NA,"United States"
"395",395,"Pensacola",NA,"United States"
"396",396,"Bridgeport",NA,"United States"
"397",397,"East Greenwich",NA,"United States"
"398",398,"Warrington",NA,"United Kingdom"
"399",399,"Norwich",NA,"United States"
"400",400,"Alhambra",NA,"United States"
"401",401,"Sterling",NA,"United States"
"402",402,"Minneapolis",NA,"United States"
"403",403,"Appleton",NA,"United States"
"404",404,"Barre",NA,"United States"
"405",405,"Châteauguay",NA,"Canada"
"406",406,"Chicago",NA,"United States"
"407",407,"Basildon",NA,"United Kingdom"
"408",408,"Indiana",NA,"United States"
"409",409,"Swarthmore",NA,"United States"
"410",410,"Hope",NA,"United States"
"411",411,"Central City",NA,"United States"
"412",412,"Babylon",NA,"United States"
"413",413,"Chelsea",NA,"United States"
"414",414,"Peterborough",NA,"United Kingdom"
"415",415,"Wenatchee",NA,"United States"
"416",416,"North Bay",NA,"Canada"
"417",417,"Monroeville",NA,"United States"
"418",418,"Penrith",NA,"Australia"
"419",419,"Las Vegas",NA,"United States"
"420",420,"Oneonta",NA,"United States"
"421",421,"Greenwich",NA,"United States"
"422",422,"Thunder Bay",NA,"Canada"
"423",423,"Wigan",NA,"United Kingdom"
"424",424,"Basingstoke",NA,"United Kingdom"
"425",425,"Aiken",NA,"United States"
"426",426,"Chambly",NA,"Canada"
"427",427,"Mississippi",NA,"United States"
"428",428,"Oak Ridge",NA,"United States"
"429",429,"Sioux City",NA,"United States"
"430",430,"Cap-de-la-Madeleine",NA,"Canada"
"431",431,"Warner Robins",NA,"United States"
"432",432,"West Chester",NA,"United States"
"433",433,"South Dakota",NA,"United States"
"434",434,"Beaverton",NA,"United States"
"435",435,"Bristol",NA,"United Kingdom"
"436",436,"Chula Vista",NA,"United States"
"437",437,"Homer",NA,"United States"
"438",438,"Fort Walton Beach",NA,"United States"
"439",439,"Carmel",NA,"United States"
"440",440,"Cripple Creek",NA,"United States"
"441",441,"Layton",NA,"United States"
"442",442,"Hialeah",NA,"United States"
"443",443,"Bend",NA,"United States"
"444",444,"Council Bluffs",NA,"United States"
"445",445,"Melbourne",NA,"Australia"
"446",446,"Bethesda-Chevy Chase",NA,"United States"
"447",447,"Findlay",NA,"United States"
"448",448,"Sumter",NA,"United States"
"449",449,"Brainerd",NA,"United States"
"450",450,"Ann Arbor",NA,"United States"
"451",451,"Clifton",NA,"United States"
"452",452,"Saint Albert",NA,"Canada"
"453",453,"Bremerton",NA,"United States"
"454",454,"Colorado Springs",NA,"United States"
"455",455,"Irvington",NA,"United States"
"456",456,"Charleston",NA,"United States"
"457",457,"Libertyville",NA,"United States"
"458",458,"Fairmont",NA,"United States"
"459",459,"Canberra",NA,"Australia"
"460",460,"Côte-Saint-Luc",NA,"Canada"
"461",461,"Newport",NA,"United Kingdom"
"462",462,"Amsterdam",NA,"United States"
"463",463,"Garden Grove",NA,"United States"
"464",464,"Long Branch",NA,"United States"
"465",465,"Lincoln",NA,"United Kingdom"
"466",466,"Thousand Oaks",NA,"United States"
"467",467,"Delta",NA,"Canada"
"468",468,"Torrington",NA,"United States"
"469",469,"Levittown",NA,"United States"
"470",470,"Columbia",NA,"United States"
"471",471,"Coronado",NA,"United States"
"472",472,"Plainfield",NA,"United States"
"473",473,"Beloeil",NA,"Canada"
"474",474,"Sausalito",NA,"United States"
"475",475,"Granby",NA,"Canada"
"476",476,"New Hampshire",NA,"United States"
"477",477,"Nashua",NA,"United States"
"478",478,"Evansville",NA,"United States"
"479",479,"Rotterdam",NA,"United States"
"480",480,"Peterborough",NA,"United States"
"481",481,"Dennis",NA,"United States"
"482",482,"Great Bend",NA,"United States"
"483",483,"Cranford",NA,"United States"
"484",484,"Catonsville",NA,"United States"
"485",485,"Wisconsin",NA,"United States"
"486",486,"Sydney",NA,"Australia"
"487",487,"Yellowknife",NA,"Canada"
"488",488,"Vernon",NA,"Canada"
"489",489,"Port Arthur",NA,"United States"
"490",490,"Oshawa",NA,"Canada"
"491",491,"Andalusia",NA,"United States"
"492",492,"Mesa",NA,"United States"
"493",493,"Temiskaming Shores",NA,"Canada"
"494",494,"Langley",NA,"Canada"
"495",495,"Olean",NA,"United States"
"496",496,"La Grange",NA,"United States"
"497",497,"Sainte-Anne-de-Beaupré",NA,"Canada"
"498",498,"Hillsboro",NA,"United States"
"499",499,"Derby",NA,"United States"
"500",500,"Burlington",NA,"Canada"
"501",501,"Oyster Bay",NA,"United States"
"502",502,"Bristol",NA,"United States"
"503",503,"Chandler",NA,"United States"
"504",504,"Clearwater",NA,"United States"
"505",505,"Williamstown",NA,"United States"
"506",506,"Grand Rapids",NA,"United States"
"507",507,"Cambridge",NA,"United States"
"508",508,"Lisle",NA,"United States"
"509",509,"North Vancouver",NA,"Canada"
"510",510,"Australian Capital Territory",NA,"Australia"
"511",511,"Baton Rouge",NA,"United States"
"512",512,"Hull",NA,"Canada"
"513",513,"Hollywood",NA,"United States"
"514",514,"Sacramento",NA,"United States"
"515",515,"Orlando",NA,"United States"
"516",516,"Edinburg",NA,"United States"
"517",517,"Phoenixville",NA,"United States"
"518",518,"Adrian",NA,"United States"
"519",519,"Scottsdale",NA,"United States"
"520",520,"San Diego",NA,"United States"
"521",521,"Hamden",NA,"United States"
"522",522,"Gretna",NA,"United States"
"523",523,"Albany",NA,"United States"
"524",524,"Palm Beach",NA,"United States"
"525",525,"Belleville",NA,"United States"
"526",526,"Windham",NA,"United States"
"527",527,"Ipswich",NA,"United Kingdom"
"528",528,"Greeley",NA,"United States"
"529",529,"Tyneside",NA,"United Kingdom"
"530",530,"Oceanside",NA,"United States"
"531",531,"Tallahassee",NA,"United States"
"532",532,"Lodi",NA,"United States"
"533",533,"Eastport",NA,"United States"
"534",534,"Maine",NA,"United States"
"535",535,"Suffolk",NA,"United States"
"536",536,"Seminole",NA,"United States"
"537",537,"Highland Park",NA,"United States"
"538",538,"New Glarus",NA,"United States"
"539",539,"Canyon",NA,"United States"
"540",540,"Santa Clarita",NA,"United States"
"541",541,"Albuquerque",NA,"United States"
"542",542,"North Kingstown",NA,"United States"
"543",543,"New South Wales",NA,"Australia"
"544",544,"State College",NA,"United States"
"545",545,"Beverly Hills",NA,"United States"
"546",546,"Puyallup",NA,"United States"
"547",547,"Perth",NA,"Australia"
"548",548,"New Jersey",NA,"United States"
"549",549,"Deception Bay",NA,"Australia"
"550",550,"Sarasota",NA,"United States"
"551",551,"Hastings",NA,"United States"
"552",552,"Aberdeen",NA,"United States"
"553",553,"Greensboro",NA,"United States"
"554",554,"Oak Park",NA,"United States"
"555",555,"Sun Valley",NA,"United States"
"556",556,"Williamson",NA,"United States"
"557",557,"Milwaukee",NA,"United States"
"558",558,"Sparks",NA,"United States"
"559",559,"Tucson",NA,"United States"
"560",560,"Glendale",NA,"United States"
"561",561,"Stoke-on-Trent",NA,"United Kingdom"
"562",562,"West Des Moines",NA,"United States"
"563",563,"Bayonne",NA,"United States"
"564",564,"Xenia",NA,"United States"
"565",565,"Pompano Beach",NA,"United States"
"566",566,"Allentown",NA,"United States"
"567",567,"Kaneohe",NA,"United States"
"568",568,"Brunswick",NA,"United States"
"569",569,"Little Rock",NA,"United States"
"570",570,"West Virginia",NA,"United States"
"571",571,"Jefferson City",NA,"United States"
"572",572,"Everett",NA,"United States"
"573",573,"Chattanooga",NA,"United States"
"574",574,"Manti",NA,"United States"
"575",575,"Amesbury",NA,"United States"
"576",576,"Brighton and Hove",NA,"United Kingdom"
"577",577,"Gloucester",NA,"United Kingdom"
"578",578,"Fort Wayne",NA,"United States"
"579",579,"Newcastle",NA,"United States"
"580",580,"Saskatchewan",NA,"Canada"
"581",581,"Savannah",NA,"United States"
"582",582,"Exeter",NA,"United States"
"583",583,"Heber City",NA,"United States"
"584",584,"Hobart",NA,"United States"
"585",585,"Lakehurst",NA,"United States"
"586",586,"West Memphis",NA,"United States"
"587",587,"Moorhead",NA,"United States"
"588",588,"Fontana",NA,"United States"
"589",589,"Pittsfield",NA,"United States"
"590",590,"Brantford",NA,"Canada"
"591",591,"Shawnee",NA,"United States"
"592",592,"Daytona Beach",NA,"United States"
"593",593,"Burnley",NA,"United Kingdom"
"594",594,"Tooele",NA,"United States"
"595",595,"Greenville",NA,"United States"
"596",596,"Exeter",NA,"United Kingdom"
"597",597,"Traverse City",NA,"United States"
"598",598,"Pennsylvania",NA,"United States"
"599",599,"East Lansing",NA,"United States"
"600",600,"Asbury Park",NA,"United States"
"601",601,"Wyoming",NA,"United States"
"602",602,"Lexington",NA,"United States"
"603",603,"Spokane",NA,"United States"
"604",604,"Socorro",NA,"United States"
"605",605,"Nyack",NA,"United States"
"606",606,"Idaho City",NA,"United States"
"607",607,"Las Cruces",NA,"United States"
"608",608,"Alaska",NA,"United States"
"609",609,"Dickinson",NA,"United States"
"610",610,"Jackson",NA,"United States"
"611",611,"Blackpool",NA,"United Kingdom"
"612",612,"Cape May",NA,"United States"
"613",613,"Fort Collins",NA,"United States"
"614",614,"Akron",NA,"United States"
"615",615,"Amana Colonies",NA,"United States"
"616",616,"Huntington",NA,"United States"
"617",617,"Arcadia",NA,"United States"
"618",618,"Santa Rosa",NA,"United States"
"619",619,"Revere",NA,"United States"
"620",620,"Liverpool",NA,"United Kingdom"
"621",621,"Florissant",NA,"United States"
"622",622,"Monroe",NA,"United States"
"623",623,"New Orleans",NA,"United States"
"624",624,"Bourne",NA,"United States"
"625",625,"Quincy",NA,"United States"
"626",626,"Naples",NA,"United States"
"627",627,"Swansea",NA,"United Kingdom"
"628",628,"Tampa",NA,"United States"
"629",629,"Leominster",NA,"United States"
"630",630,"Grafton",NA,"United States"
"631",631,"Selma",NA,"United States"
"632",632,"Massachusetts",NA,"United States"
"633",633,"Estes Park",NA,"United States"
"634",634,"San Felipe",NA,"United States"
"635",635,"Quebec",NA,"Canada"
"636",636,"Werribee",NA,"Australia"
"637",637,"Asheville",NA,"United States"
"638",638,"Orange",NA,"United States"
"639",639,"Malden",NA,"United States"
"640",640,"Independence",NA,"United States"
"641",641,"Shiprock",NA,"United States"
"642",642,"Aliquippa",NA,"United States"
"643",643,"Laredo",NA,"United States"
"644",644,"Sunderland",NA,"United Kingdom"
"645",645,"Carrollton",NA,"United States"
"646",646,"Huntsville",NA,"United States"
"647",647,"Milton Keynes",NA,"United Kingdom"
"648",648,"Victoria",NA,"Canada"
"649",649,"Halifax",NA,"United States"
"650",650,"Napa",NA,"United States"
"651",651,"East Hartford",NA,"United States"
"652",652,"Elwood",NA,"United States"
"653",653,"Cairo",NA,"United States"
"654",654,"Kenosha",NA,"United States"
"655",655,"Chelmsford",NA,"United Kingdom"
"656",656,"Burbank",NA,"United States"
"657",657,"Moline",NA,"United States"
"658",658,"Vineland",NA,"United States"
"659",659,"Cheltenham",NA,"United Kingdom"
"660",660,"Modesto",NA,"United States"
"661",661,"Birmingham",NA,"United States"
"662",662,"El Dorado",NA,"United States"
"663",663,"Calexico",NA,"United States"
"664",664,"Oxnard",NA,"United States"
"665",665,"Bellefontaine",NA,"United States"
"666",666,"Erie",NA,"United States"
"667",667,"Stamford",NA,"United States"
"668",668,"Poughkeepsie",NA,"United States"
"669",669,"Mobile",NA,"United States"
"670",670,"Honesdale",NA,"United States"
"671",671,"Redding",NA,"United States"
"672",672,"Olathe",NA,"United States"
"673",673,"Rancho Cucamonga",NA,"United States"
"674",674,"San Luis Obispo",NA,"United States"
"675",675,"Vermillion",NA,"United States"
"676",676,"Bradenton",NA,"United States"
"677",677,"Sonoma",NA,"United States"
"678",678,"Central Falls",NA,"United States"
"679",679,"Eveleth",NA,"United States"
"680",680,"El Monte",NA,"United States"
"681",681,"Greater Manchester",NA,"United Kingdom"
"682",682,"Pekin",NA,"United States"
"683",683,"Plymouth",NA,"United Kingdom"
"684",684,"Interlochen",NA,"United States"
"685",685,"Coventry",NA,"United Kingdom"
"686",686,"Galesburg",NA,"United States"
"687",687,"Nottingham",NA,"United Kingdom"
"688",688,"Hagerstown",NA,"United States"
"689",689,"Petersburg",NA,"United States"
"690",690,"Tullahoma",NA,"United States"
"691",691,"Iowa City",NA,"United States"
"692",692,"Pine Bluff",NA,"United States"
"693",693,"Miami",NA,"United States"
"694",694,"High Point",NA,"United States"
"695",695,"Saint Louis",NA,"United States"
"696",696,"Valparaiso",NA,"United States"
"697",697,"Deerfield Beach",NA,"United States"
"698",698,"Brookline",NA,"United States"
"699",699,"Toledo",NA,"United States"
"700",700,"Palmdale",NA,"United States"
"701",701,"Romney",NA,"United States"
"702",702,"Dayton",NA,"United States"
"703",703,"Kitchener",NA,"Canada"
"704",704,"Normal",NA,"United States"
"705",705,"Kawartha Lakes",NA,"Canada"
"706",706,"Lewes",NA,"United States"
"707",707,"Troy",NA,"United States"
"708",708,"Sheridan",NA,"United States"
"709",709,"Lompoc",NA,"United States"
"710",710,"West Palm Beach",NA,"United States"
"711",711,"Martinsville",NA,"United States"
"712",712,"Joplin",NA,"United States"
"713",713,"Kewanee",NA,"United States"
"714",714,"Ansonia",NA,"United States"
"715",715,"Shawneetown",NA,"United States"
"716",716,"Belleville",NA,"Canada"
"717",717,"Norwich",NA,"United Kingdom"
"718",718,"Waterloo",NA,"United States"
"719",719,"Albert Lea",NA,"United States"
"720",720,"Gainesville",NA,"United States"
"721",721,"Henderson",NA,"United States"
"722",722,"Wichita",NA,"United States"
"723",723,"Newport",NA,"United States"
"724",724,"Midland",NA,"United States"
"725",725,"Utah",NA,"United States"
"726",726,"Gananoque",NA,"Canada"
"727",727,"Dover",NA,"United States"
"728",728,"Groton",NA,"United States"
"729",729,"Vancouver",NA,"United States"
"730",730,"Southend-on-Sea",NA,"United Kingdom"
"731",731,"Escondido",NA,"United States"
"732",732,"Phenix City",NA,"United States"
"733",733,"Norton",NA,"United States"
"734",734,"Largo",NA,"United States"
"735",735,"Natick",NA,"United States"
"736",736,"Santa Barbara",NA,"United States"
"737",737,"Fall River",NA,"United States"
"738",738,"Morganton",NA,"United States"
"739",739,"Thorold",NA,"Canada"
"740",740,"Cleveland",NA,"United States"
"741",741,"Woodstock",NA,"United States"
"742",742,"Branford",NA,"United States"
"743",743,"Oregon City",NA,"United States"
"744",744,"Kittery",NA,"United States"
"745",745,"Germantown",NA,"United States"
"746",746,"Oswego",NA,"United States"
"747",747,"Athens",NA,"United States"
"748",748,"Clovis",NA,"United States"
"749",749,"Corydon",NA,"United States"
"750",750,"Gatineau",NA,"Canada"
"751",751,"Dothan",NA,"United States"
"752",752,"Manhattan",NA,"United States"
"753",753,"Bessemer",NA,"United States"
"754",754,"Bangor",NA,"United States"
"755",755,"Anderson",NA,"United States"
"756",756,"Burnaby",NA,"Canada"
"757",757,"Florida",NA,"United States"
"758",758,"Cuyahoga Falls",NA,"United States"
"759",759,"Dahlonega",NA,"United States"
"760",760,"Lorain",NA,"United States"
"761",761,"San Clemente",NA,"United States"
"762",762,"Climax",NA,"United States"
"763",763,"Abingdon",NA,"United States"
"764",764,"Victorville",NA,"United States"
"765",765,"West Bend",NA,"United States"
"766",766,"Watkins Glen",NA,"United States"
"767",767,"Grand Island",NA,"United States"
"768",768,"New Harmony",NA,"United States"
"769",769,"Hingham",NA,"United States"
"770",770,"Northern Territory",NA,"Australia"
"771",771,"Petaluma",NA,"United States"
"772",772,"Ojai",NA,"United States"
"773",773,"Murfreesboro",NA,"United States"
"774",774,"Newfoundland and Labrador",NA,"Canada"
"775",775,"Ossining",NA,"United States"
"776",776,"Sharon",NA,"United States"
"777",777,"Red Wing",NA,"United States"
"778",778,"Palm Bay",NA,"United States"
"779",779,"Clanton",NA,"United States"
"780",780,"Saint Augustine",NA,"United States"
"781",781,"Duncan",NA,"United States"
"782",782,"Corpus Christi",NA,"United States"
"783",783,"Pinehurst",NA,"United States"
"784",784,"Lancaster",NA,"United States"
"785",785,"Monterey",NA,"United States"
"786",786,"Bedford",NA,"United Kingdom"
"787",787,"Caldwell",NA,"United States"
"788",788,"Lincoln",NA,"United States"
"789",789,"Elgin",NA,"United States"
"790",790,"Alton",NA,"United States"
"791",791,"Newburyport",NA,"United States"
"792",792,"West Yorkshire",NA,"United Kingdom"
"793",793,"Stevens Point",NA,"United States"
"794",794,"Weirton",NA,"United States"
"795",795,"Cahokia",NA,"United States"
"796",796,"Magog",NA,"Canada"
"797",797,"Cumberland",NA,"United States"
"798",798,"McPherson",NA,"United States"
"799",799,"Faribault",NA,"United States"
"800",800,"Madison",NA,"United States"
"801",801,"Hamilton",NA,"Canada"
"802",802,"Berlin",NA,"United States"
"803",803,"Ishpeming",NA,"United States"
"804",804,"Bakersfield",NA,"United States"
"805",805,"American Fork",NA,"United States"
"806",806,"Wilmington",NA,"United States"
"807",807,"Fremantle",NA,"Australia"
"808",808,"Vermont",NA,"United States"
"809",809,"Hartsville",NA,"United States"
"810",810,"Emmitsburg",NA,"United States"
"811",811,"Mystic",NA,"United States"
"812",812,"Plymouth",NA,"United States"
"813",813,"Westport",NA,"United States"
"814",814,"Preston",NA,"United Kingdom"
"815",815,"Seymour",NA,"United States"
"816",816,"Fort Frances",NA,"Canada"
"817",817,"Barrie",NA,"Canada"
"818",818,"Van Buren",NA,"United States"
"819",819,"Fort Erie",NA,"Canada"
"820",820,"Oskaloosa",NA,"United States"
"821",821,"Anaheim",NA,"United States"
"822",822,"Grand Haven",NA,"United States"
"823",823,"Lake Wales",NA,"United States"
